{
    "name": "aida",
    "sprites": [{
        "name": "ME",
        "feldTypeArray": [
            {
                "name": "STEP_SIDE",
                "positions": [
                    {
                        "name": "RIGHT",
                        "position": {
                            "path": "ME/STEP_SIDE/RIGHT.png",
                            "size": 168,
                            "count": 1,
                            "fpt": 1
                        }
                    },
                    {
                        "name": "LEFT",
                        "position": {
                            "path": "ME/STEP_SIDE/LEFT.png",
                            "size": 168,
                            "count": 1,
                            "fpt": 1
                        }
                    }
                ]
            },
            {
                "name": "STEP_SIDE",
                "positions": [
                    {
                        "name": "RIGHT",
                        "position": {
                            "path": "ME/STEP_SIDE/RIGHT.png",
                            "size": 168,
                            "count": 1,
                            "fpt": 1
                        }
                    },
                    {
                        "name": "LEFT",
                        "position": {
                            "path": "ME/STEP_SIDE/LEFT.png",
                            "size": 168,
                            "count": 1,
                            "fpt": 1
                        }
                    }
                ]
            },
            {
                "name": "STEP_UP",
                "positions": [{
                    "name": "DEFAULT",
                    "position": {
                        "path": "ME/STEP_UP/DEFAULT.png",
                        "size": 168,
                        "count": 1,
                        "fpt": 1
                    }
                }]
            },
            {
                "name": "STEP_DOWN",
                "positions": [{
                    "name": "DEFAULT",
                    "position": {
                        "path": "ME/STEP_DOWN/DEFAULT.png",
                        "size": 168,
                        "count": 1,
                        "fpt": 1
                    }
                }]
            }
        ]
    }]
}