{
    "name": "testTheme",
    "sprites": [
        {
            "name": "ME",
            "feldTypeArray": [{
                "name": "IDLE",
                "positions": [{
                    "name": "DEFAULT",
                    "position": {
                        "path": "ME/IDLE/DEFAULT.png",
                        "size": 168,
                        "count": 1,
                        "fpt": 1
                    }
                }]
            }]
        },
        {
            "name": "MUD",
            "feldTypeArray": [{
                "name": "FOUREDGE",
                "positions": [{
                    "name": "DEFAULT",
                    "position": {
                        "path": "MUD/FOUREDGE/DEFAULT.png",
                        "size": 168,
                        "count": 1,
                        "fpt": 1
                    }
                }]
            }]
        },
        {
            "name": "STONE",
            "feldTypeArray": [{
                "name": "FOUREDGE",
                "positions": [{
                    "name": "DEFAULT",
                    "position": {
                        "path": "STONE/FOUREDGE/DEFAULT.png",
                        "size": 168,
                        "count": 1,
                        "fpt": 1
                    }
                }]
            }]
        },
        {
            "name": "GEM",
            "feldTypeArray": [{
                "name": "FOUREDGE",
                "positions": [{
                    "name": "DEFAULT",
                    "position": {
                        "path": "GEM/FOUREDGE/DEFAULT.png",
                        "size": 168,
                        "count": 1,
                        "fpt": 1
                    }
                }]
            }]
        },
        {
            "name": "EXIT",
            "feldTypeArray": [{
                "name": "FOUREDGE",
                "positions": [{
                    "name": "DEFAULT",
                    "position": {
                        "path": "EXIT/FOUREDGE/DEFAULT.png",
                        "size": 64,
                        "count": 1,
                        "fpt": 1
                    }
                }]
            }]
        },
        {
            "name": "WALL",
            "feldTypeArray": [
                {
                    "name": "ONEEDGE",
                    "positions": [
                        {
                            "name": "LEFT",
                            "position": {
                                "path": "WALL/ONEEDGE/LEFT.png",
                                "size": 168,
                                "count": 1,
                                "fpt": 1
                            }
                        },
                        {
                            "name": "RIGHT",
                            "position": {
                                "path": "WALL/ONEEDGE/RIGHT.png",
                                "size": 168,
                                "count": 1,
                                "fpt": 1
                            }
                        }
                    ]
                },
                {
                    "name": "ONEEDGE",
                    "positions": [
                        {
                            "name": "LEFT",
                            "position": {
                                "path": "WALL/ONEEDGE/LEFT.png",
                                "size": 168,
                                "count": 1,
                                "fpt": 1
                            }
                        },
                        {
                            "name": "RIGHT",
                            "position": {
                                "path": "WALL/ONEEDGE/RIGHT.png",
                                "size": 168,
                                "count": 1,
                                "fpt": 1
                            }
                        }
                    ]
                },
                {
                    "name": "TWOEDGE",
                    "positions": [{
                        "name": "HORIZONTAL",
                        "position": {
                            "path": "WALL/TWOEDGE/HORIZONTAL.png",
                            "size": 168,
                            "count": 1,
                            "fpt": 1
                        }
                    }]
                },
                {
                    "name": "THREEEDGE",
                    "positions": [{
                        "name": "TOP",
                        "position": {
                            "path": "WALL/THREEEDGE/TOP.png",
                            "size": 168,
                            "count": 1,
                            "fpt": 1
                        }
                    }]
                },
                {
                    "name": "FOUREDGE",
                    "positions": [{
                        "name": "DEFAULT",
                        "position": {
                            "path": "WALL/FOUREDGE/DEFAULT.png",
                            "size": 168,
                            "count": 1,
                            "fpt": 1
                        }
                    }]
                }
            ]
        },
        {
            "name": "BRICKS",
            "feldTypeArray": [
                {
                    "name": "ONEEDGE",
                    "positions": [{
                        "name": "TOP",
                        "position": {
                            "path": "BRICKS/ONEEDGE/TOP.png",
                            "size": 64,
                            "count": 1,
                            "fpt": 1
                        }
                    }]
                },
                {
                    "name": "TWOEDGE",
                    "positions": [{
                        "name": "HORIZONTAL",
                        "position": {
                            "path": "BRICKS/TWOEDGE/HORIZONTAL.png",
                            "size": 64,
                            "count": 1,
                            "fpt": 1
                        }
                    }]
                },
                {
                    "name": "THREEEDGE",
                    "positions": [{
                        "name": "TOP",
                        "position": {
                            "path": "BRICKS/THREEEDGE/TOP.png",
                            "size": 64,
                            "count": 1,
                            "fpt": 1
                        }
                    }]
                },
                {
                    "name": "FOUREDGE",
                    "positions": [{
                        "name": "DEFAULT",
                        "position": {
                            "path": "BRICKS/FOUREDGE/DEFAULT.png",
                            "size": 168,
                            "count": 1,
                            "fpt": 1
                        }
                    }]
                }
            ]
        },
        {
            "name": "SWAPLING",
            "feldTypeArray": [{
                "name": "IDLE",
                "positions": [{
                    "name": "DEFAULT",
                    "position": {
                        "path": "SWAPLING/IDLE/DEFAULT.png",
                        "size": 168,
                        "count": 1,
                        "fpt": 1
                    }
                }]
            }]
        },
        {
            "name": "BLOCKLING",
            "feldTypeArray": [{
                "name": "IDLE",
                "positions": [{
                    "name": "DEFAULT",
                    "position": {
                        "path": "BLOCKLING/IDLE/DEFAULT.png",
                        "size": 168,
                        "count": 1,
                        "fpt": 1
                    }
                }]
            }]
        },
        {
            "name": "XLING",
            "feldTypeArray": [{
                "name": "IDLE",
                "positions": [{
                    "name": "DEFAULT",
                    "position": {
                        "path": "XLING/IDLE/DEFAULT.png",
                        "size": 168,
                        "count": 1,
                        "fpt": 1
                    }
                }]
            }]
        },
        {
            "name": "GHOSTLING",
            "feldTypeArray": [{
                "name": "IDLE",
                "positions": [{
                    "name": "DEFAULT",
                    "position": {
                        "path": "GHOSTLING/IDLE/DEFAULT.png",
                        "size": 168,
                        "count": 1,
                        "fpt": 1
                    }
                }]
            }]
        },
        {
            "name": "FIRE",
            "feldTypeArray": [{
                "name": "FOUREDGE",
                "positions": [{
                    "name": "DEFAULT",
                    "position": {
                        "path": "FIRE/FOUREDGE/DEFAULT.png",
                        "size": 168,
                        "count": 1,
                        "fpt": 1
                    }
                }]
            }]
        }
    ]
}