{
    "name": "testTheme",
    "sprites": [
        {
            "name": "ME",
            "feldTypeArray": [
                {
                    "name": "STEP_SIDE",
                    "positions": [
                        {
                            "name": "RIGHT",
                            "position": {
                                "path": "ME/STEP_SIDE/RIGHT.png",
                                "size": 587,
                                "count": 4,
                                "fpt": 2
                            }
                        },
                        {
                            "name": "LEFT",
                            "position": {
                                "path": "ME/STEP_SIDE/LEFT.png",
                                "size": 587,
                                "count": 4,
                                "fpt": 2
                            }
                        }
                    ]
                },
                {
                    "name": "STEP_SIDE",
                    "positions": [
                        {
                            "name": "RIGHT",
                            "position": {
                                "path": "ME/STEP_SIDE/RIGHT.png",
                                "size": 587,
                                "count": 4,
                                "fpt": 2
                            }
                        },
                        {
                            "name": "LEFT",
                            "position": {
                                "path": "ME/STEP_SIDE/LEFT.png",
                                "size": 587,
                                "count": 4,
                                "fpt": 2
                            }
                        }
                    ]
                },
                {
                    "name": "STEP_UP",
                    "positions": [{
                        "name": "DEFAULT",
                        "position": {
                            "path": "ME/STEP_UP/DEFAULT.png",
                            "size": 587,
                            "count": 4,
                            "fpt": 2
                        }
                    }]
                },
                {
                    "name": "STEP_DOWN",
                    "positions": [{
                        "name": "DEFAULT",
                        "position": {
                            "path": "ME/STEP_DOWN/DEFAULT.png",
                            "size": 587,
                            "count": 1,
                            "fpt": 2
                        }
                    }]
                },
                {
                    "name": "IDLE",
                    "positions": [{
                        "name": "DEFAULT",
                        "position": {
                            "path": "ME/IDLE/DEFAULT.png",
                            "size": 577,
                            "count": 1,
                            "fpt": 1
                        }
                    }]
                }
            ]
        },
        {
            "name": "MUD",
            "feldTypeArray": [
                {
                    "name": "ZEROEDGE",
                    "positions": [{
                        "name": "DEFAULT",
                        "position": {
                            "path": "MUD/ZEROEDGE/DEFAULT.png",
                            "size": 100,
                            "count": 1,
                            "fpt": 1
                        }
                    }]
                },
                {
                    "name": "ONEEDGE",
                    "positions": [
                        {
                            "name": "LEFT",
                            "position": {
                                "path": "MUD/ONEEDGE/LEFT.png",
                                "size": 256,
                                "count": 1,
                                "fpt": 1
                            }
                        },
                        {
                            "name": "RIGHT",
                            "position": {
                                "path": "MUD/ONEEDGE/RIGHT.png",
                                "size": 256,
                                "count": 1,
                                "fpt": 1
                            }
                        },
                        {
                            "name": "TOP",
                            "position": {
                                "path": "MUD/ONEEDGE/TOP.png",
                                "size": 100,
                                "count": 1,
                                "fpt": 1
                            }
                        }
                    ]
                },
                {
                    "name": "ONEEDGE",
                    "positions": [
                        {
                            "name": "LEFT",
                            "position": {
                                "path": "MUD/ONEEDGE/LEFT.png",
                                "size": 256,
                                "count": 1,
                                "fpt": 1
                            }
                        },
                        {
                            "name": "RIGHT",
                            "position": {
                                "path": "MUD/ONEEDGE/RIGHT.png",
                                "size": 256,
                                "count": 1,
                                "fpt": 1
                            }
                        },
                        {
                            "name": "TOP",
                            "position": {
                                "path": "MUD/ONEEDGE/TOP.png",
                                "size": 100,
                                "count": 1,
                                "fpt": 1
                            }
                        }
                    ]
                },
                {
                    "name": "ONEEDGE",
                    "positions": [
                        {
                            "name": "LEFT",
                            "position": {
                                "path": "MUD/ONEEDGE/LEFT.png",
                                "size": 256,
                                "count": 1,
                                "fpt": 1
                            }
                        },
                        {
                            "name": "RIGHT",
                            "position": {
                                "path": "MUD/ONEEDGE/RIGHT.png",
                                "size": 256,
                                "count": 1,
                                "fpt": 1
                            }
                        },
                        {
                            "name": "TOP",
                            "position": {
                                "path": "MUD/ONEEDGE/TOP.png",
                                "size": 100,
                                "count": 1,
                                "fpt": 1
                            }
                        }
                    ]
                },
                {
                    "name": "TWOEDGE",
                    "positions": [{
                        "name": "HORIZONTAL",
                        "position": {
                            "path": "MUD/TWOEDGE/HORIZONTAL.png",
                            "size": 256,
                            "count": 1,
                            "fpt": 1
                        }
                    }]
                },
                {
                    "name": "TWOEDGE_CORNER",
                    "positions": [
                        {
                            "name": "TOPRIGHT",
                            "position": {
                                "path": "MUD/TWOEDGE_CORNER/TOPRIGHT.png",
                                "size": 256,
                                "count": 1,
                                "fpt": 1
                            }
                        },
                        {
                            "name": "TOPLEFT",
                            "position": {
                                "path": "MUD/TWOEDGE_CORNER/TOPLEFT.png",
                                "size": 256,
                                "count": 1,
                                "fpt": 1
                            }
                        }
                    ]
                },
                {
                    "name": "TWOEDGE_CORNER",
                    "positions": [
                        {
                            "name": "TOPRIGHT",
                            "position": {
                                "path": "MUD/TWOEDGE_CORNER/TOPRIGHT.png",
                                "size": 256,
                                "count": 1,
                                "fpt": 1
                            }
                        },
                        {
                            "name": "TOPLEFT",
                            "position": {
                                "path": "MUD/TWOEDGE_CORNER/TOPLEFT.png",
                                "size": 256,
                                "count": 1,
                                "fpt": 1
                            }
                        }
                    ]
                },
                {
                    "name": "THREEEDGE",
                    "positions": [{
                        "name": "TOP",
                        "position": {
                            "path": "MUD/THREEEDGE/TOP.png",
                            "size": 256,
                            "count": 1,
                            "fpt": 1
                        }
                    }]
                },
                {
                    "name": "FOUREDGE",
                    "positions": [{
                        "name": "DEFAULT",
                        "position": {
                            "path": "MUD/FOUREDGE/DEFAULT.png",
                            "size": 256,
                            "count": 1,
                            "fpt": 1
                        }
                    }]
                }
            ]
        },
        {
            "name": "STONE",
            "feldTypeArray": [
                {
                    "name": "ZEROEDGE",
                    "positions": [{
                        "name": "DEFAULT",
                        "position": {
                            "path": "STONE/ZEROEDGE/DEFAULT.png",
                            "size": 64,
                            "count": 1,
                            "fpt": 1
                        }
                    }]
                },
                {
                    "name": "ONEEDGE",
                    "positions": [
                        {
                            "name": "LEFT",
                            "position": {
                                "path": "STONE/ONEEDGE/LEFT.png",
                                "size": 64,
                                "count": 1,
                                "fpt": 1
                            }
                        },
                        {
                            "name": "RIGHT",
                            "position": {
                                "path": "STONE/ONEEDGE/RIGHT.png",
                                "size": 64,
                                "count": 1,
                                "fpt": 1
                            }
                        },
                        {
                            "name": "TOP",
                            "position": {
                                "path": "STONE/ONEEDGE/TOP.png",
                                "size": 64,
                                "count": 1,
                                "fpt": 1
                            }
                        }
                    ]
                },
                {
                    "name": "ONEEDGE",
                    "positions": [
                        {
                            "name": "LEFT",
                            "position": {
                                "path": "STONE/ONEEDGE/LEFT.png",
                                "size": 64,
                                "count": 1,
                                "fpt": 1
                            }
                        },
                        {
                            "name": "RIGHT",
                            "position": {
                                "path": "STONE/ONEEDGE/RIGHT.png",
                                "size": 64,
                                "count": 1,
                                "fpt": 1
                            }
                        },
                        {
                            "name": "TOP",
                            "position": {
                                "path": "STONE/ONEEDGE/TOP.png",
                                "size": 64,
                                "count": 1,
                                "fpt": 1
                            }
                        }
                    ]
                },
                {
                    "name": "ONEEDGE",
                    "positions": [
                        {
                            "name": "LEFT",
                            "position": {
                                "path": "STONE/ONEEDGE/LEFT.png",
                                "size": 64,
                                "count": 1,
                                "fpt": 1
                            }
                        },
                        {
                            "name": "RIGHT",
                            "position": {
                                "path": "STONE/ONEEDGE/RIGHT.png",
                                "size": 64,
                                "count": 1,
                                "fpt": 1
                            }
                        },
                        {
                            "name": "TOP",
                            "position": {
                                "path": "STONE/ONEEDGE/TOP.png",
                                "size": 64,
                                "count": 1,
                                "fpt": 1
                            }
                        }
                    ]
                },
                {
                    "name": "TWOEDGE_CORNER",
                    "positions": [
                        {
                            "name": "TOPRIGHT",
                            "position": {
                                "path": "STONE/TWOEDGE_CORNER/TOPRIGHT.png",
                                "size": 64,
                                "count": 1,
                                "fpt": 1
                            }
                        },
                        {
                            "name": "TOPLEFT",
                            "position": {
                                "path": "STONE/TWOEDGE_CORNER/TOPLEFT.png",
                                "size": 64,
                                "count": 1,
                                "fpt": 1
                            }
                        }
                    ]
                },
                {
                    "name": "TWOEDGE_CORNER",
                    "positions": [
                        {
                            "name": "TOPRIGHT",
                            "position": {
                                "path": "STONE/TWOEDGE_CORNER/TOPRIGHT.png",
                                "size": 64,
                                "count": 1,
                                "fpt": 1
                            }
                        },
                        {
                            "name": "TOPLEFT",
                            "position": {
                                "path": "STONE/TWOEDGE_CORNER/TOPLEFT.png",
                                "size": 64,
                                "count": 1,
                                "fpt": 1
                            }
                        }
                    ]
                },
                {
                    "name": "FOUREDGE",
                    "positions": [{
                        "name": "DEFAULT",
                        "position": {
                            "path": "STONE/FOUREDGE/DEFAULT.png",
                            "size": 64,
                            "count": 1,
                            "fpt": 1
                        }
                    }]
                }
            ]
        },
        {
            "name": "GEM",
            "feldTypeArray": [{
                "name": "FOUREDGE",
                "positions": [{
                    "name": "DEFAULT",
                    "position": {
                        "path": "GEM/FOUREDGE/DEFAULT.png",
                        "size": 150,
                        "count": 1,
                        "fpt": 1
                    }
                }]
            }]
        },
        {
            "name": "EXIT",
            "feldTypeArray": [{
                "name": "FOUREDGE",
                "positions": [{
                    "name": "DEFAULT",
                    "position": {
                        "path": "EXIT/FOUREDGE/DEFAULT.png",
                        "size": 64,
                        "count": 1,
                        "fpt": 1
                    }
                }]
            }]
        },
        {
            "name": "WALL",
            "feldTypeArray": [
                {
                    "name": "TWOEDGE",
                    "positions": [
                        {
                            "name": "HORIZONTAL",
                            "position": {
                                "path": "WALL/TWOEDGE/HORIZONTAL.png",
                                "size": 64,
                                "count": 1,
                                "fpt": 1
                            }
                        },
                        {
                            "name": "VERTICAL",
                            "position": {
                                "path": "WALL/TWOEDGE/VERTICAL.png",
                                "size": 64,
                                "count": 1,
                                "fpt": 1
                            }
                        }
                    ]
                },
                {
                    "name": "TWOEDGE",
                    "positions": [
                        {
                            "name": "HORIZONTAL",
                            "position": {
                                "path": "WALL/TWOEDGE/HORIZONTAL.png",
                                "size": 64,
                                "count": 1,
                                "fpt": 1
                            }
                        },
                        {
                            "name": "VERTICAL",
                            "position": {
                                "path": "WALL/TWOEDGE/VERTICAL.png",
                                "size": 64,
                                "count": 1,
                                "fpt": 1
                            }
                        }
                    ]
                },
                {
                    "name": "THREEEDGE",
                    "positions": [{
                        "name": "TOP",
                        "position": {
                            "path": "WALL/THREEEDGE/TOP.png",
                            "size": 64,
                            "count": 1,
                            "fpt": 1
                        }
                    }]
                },
                {
                    "name": "FOUREDGE",
                    "positions": [{
                        "name": "DEFAULT",
                        "position": {
                            "path": "WALL/FOUREDGE/DEFAULT.png",
                            "size": 64,
                            "count": 1,
                            "fpt": 1
                        }
                    }]
                }
            ]
        },
        {
            "name": "BRICKS",
            "feldTypeArray": [{
                "name": "FOUREDGE",
                "positions": [{
                    "name": "DEFAULT",
                    "position": {
                        "path": "BRICKS/FOUREDGE/DEFAULT.png",
                        "size": 64,
                        "count": 1,
                        "fpt": 1
                    }
                }]
            }]
        },
        {
            "name": "EXPLOSION",
            "feldTypeArray": [{
                "name": "FOUREDGE",
                "positions": [{
                    "name": "DEFAULT",
                    "position": {
                        "path": "EXPLOSION/FOUREDGE/DEFAULT.png",
                        "size": 65,
                        "count": 1,
                        "fpt": 1
                    }
                }]
            }]
        },
        {
            "name": "SLIME",
            "feldTypeArray": [{
                "name": "FOUREDGE",
                "positions": [{
                    "name": "DEFAULT",
                    "position": {
                        "path": "SLIME/FOUREDGE/DEFAULT.png",
                        "size": 600,
                        "count": 1,
                        "fpt": 1
                    }
                }]
            }]
        },
        {
            "name": "SWAPLING",
            "feldTypeArray": [
                {
                    "name": "STEP_SIDE",
                    "positions": [
                        {
                            "name": "RIGHT",
                            "position": {
                                "path": "SWAPLING/STEP_SIDE/RIGHT.png",
                                "size": 210,
                                "count": 2,
                                "fpt": 2
                            }
                        },
                        {
                            "name": "LEFT",
                            "position": {
                                "path": "SWAPLING/STEP_SIDE/LEFT.png",
                                "size": 210,
                                "count": 2,
                                "fpt": 2
                            }
                        }
                    ]
                },
                {
                    "name": "STEP_SIDE",
                    "positions": [
                        {
                            "name": "RIGHT",
                            "position": {
                                "path": "SWAPLING/STEP_SIDE/RIGHT.png",
                                "size": 210,
                                "count": 2,
                                "fpt": 2
                            }
                        },
                        {
                            "name": "LEFT",
                            "position": {
                                "path": "SWAPLING/STEP_SIDE/LEFT.png",
                                "size": 210,
                                "count": 2,
                                "fpt": 2
                            }
                        }
                    ]
                },
                {
                    "name": "IDLE",
                    "positions": [{
                        "name": "DEFAULT",
                        "position": {
                            "path": "SWAPLING/IDLE/DEFAULT.png",
                            "size": 210,
                            "count": 2,
                            "fpt": 2
                        }
                    }]
                }
            ]
        },
        {
            "name": "BLOCKLING",
            "feldTypeArray": [{
                "name": "IDLE",
                "positions": [{
                    "name": "DEFAULT",
                    "position": {
                        "path": "BLOCKLING/IDLE/DEFAULT.png",
                        "size": 224,
                        "count": 4,
                        "fpt": 2
                    }
                }]
            }]
        },
        {
            "name": "XLING",
            "feldTypeArray": [
                {
                    "name": "STEP_SIDE",
                    "positions": [
                        {
                            "name": "RIGHT",
                            "position": {
                                "path": "XLING/STEP_SIDE/RIGHT.png",
                                "size": 70,
                                "count": 4,
                                "fpt": 2
                            }
                        },
                        {
                            "name": "LEFT",
                            "position": {
                                "path": "XLING/STEP_SIDE/LEFT.png",
                                "size": 70,
                                "count": 4,
                                "fpt": 2
                            }
                        }
                    ]
                },
                {
                    "name": "STEP_SIDE",
                    "positions": [
                        {
                            "name": "RIGHT",
                            "position": {
                                "path": "XLING/STEP_SIDE/RIGHT.png",
                                "size": 70,
                                "count": 4,
                                "fpt": 2
                            }
                        },
                        {
                            "name": "LEFT",
                            "position": {
                                "path": "XLING/STEP_SIDE/LEFT.png",
                                "size": 70,
                                "count": 4,
                                "fpt": 2
                            }
                        }
                    ]
                },
                {
                    "name": "STEP_UP",
                    "positions": [{
                        "name": "DEFAULT",
                        "position": {
                            "path": "XLING/STEP_UP/DEFAULT.png",
                            "size": 70,
                            "count": 4,
                            "fpt": 2
                        }
                    }]
                },
                {
                    "name": "STEP_DOWN",
                    "positions": [{
                        "name": "DEFAULT",
                        "position": {
                            "path": "XLING/STEP_DOWN/DEFAULT.png",
                            "size": 70,
                            "count": 4,
                            "fpt": 2
                        }
                    }]
                },
                {
                    "name": "IDLE",
                    "positions": [{
                        "name": "DEFAULT",
                        "position": {
                            "path": "XLING/IDLE/DEFAULT.png",
                            "size": 70,
                            "count": 1,
                            "fpt": 1
                        }
                    }]
                }
            ]
        },
        {
            "name": "GHOSTLING",
            "feldTypeArray": [{
                "name": "IDLE",
                "positions": [{
                    "name": "DEFAULT",
                    "position": {
                        "path": "GHOSTLING/IDLE/DEFAULT.png",
                        "size": 64,
                        "count": 3,
                        "fpt": 3
                    }
                }]
            }]
        },
        {
            "name": "FIRE",
            "feldTypeArray": [{
                "name": "FOUREDGE",
                "positions": [{
                    "name": "DEFAULT",
                    "position": {
                        "path": "FIRE/FOUREDGE/DEFAULT.png",
                        "size": 26,
                        "count": 5,
                        "fpt": 2
                    }
                }]
            }]
        },
        {
            "name": "NORTHTHING",
            "feldTypeArray": [{
                "name": "FOUREDGE",
                "positions": [{
                    "name": "DEFAULT",
                    "position": {
                        "path": "NORTHTHING/FOUREDGE/DEFAULT.png",
                        "size": 64,
                        "count": 1,
                        "fpt": 1
                    }
                }]
            }]
        },
        {
            "name": "EASTTHING",
            "feldTypeArray": [{
                "name": "FOUREDGE",
                "positions": [{
                    "name": "DEFAULT",
                    "position": {
                        "path": "EASTTHING/FOUREDGE/DEFAULT.png",
                        "size": 64,
                        "count": 1,
                        "fpt": 1
                    }
                }]
            }]
        },
        {
            "name": "SOUTHTHING",
            "feldTypeArray": [{
                "name": "FOUREDGE",
                "positions": [{
                    "name": "DEFAULT",
                    "position": {
                        "path": "SOUTHTHING/FOUREDGE/DEFAULT.png",
                        "size": 64,
                        "count": 1,
                        "fpt": 1
                    }
                }]
            }]
        },
        {
            "name": "WESTTHING",
            "feldTypeArray": [{
                "name": "FOUREDGE",
                "positions": [{
                    "name": "DEFAULT",
                    "position": {
                        "path": "WESTTHING/FOUREDGE/DEFAULT.png",
                        "size": 64,
                        "count": 1,
                        "fpt": 1
                    }
                }]
            }]
        },
        {
            "name": "POT",
            "feldTypeArray": [{
                "name": "FOUREDGE",
                "positions": [{
                    "name": "DEFAULT",
                    "position": {
                        "path": "POT/FOUREDGE/DEFAULT.png",
                        "size": 64,
                        "count": 1,
                        "fpt": 1
                    }
                }]
            }]
        },
        {
            "name": "SIEVE",
            "feldTypeArray": [{
                "name": "FOUREDGE",
                "positions": [{
                    "name": "DEFAULT",
                    "position": {
                        "path": "SIEVE/FOUREDGE/DEFAULT.png",
                        "size": 64,
                        "count": 1,
                        "fpt": 1
                    }
                }]
            }]
        },
        {
            "name": "SAND",
            "feldTypeArray": [{
                "name": "FOUREDGE",
                "positions": [{
                    "name": "DEFAULT",
                    "position": {
                        "path": "SAND/FOUREDGE/DEFAULT.png",
                        "size": 64,
                        "count": 1,
                        "fpt": 1
                    }
                }]
            }]
        }
    ]
}